{
    "calibration": [
        {
            "prob_true": 0.06778886652103767,
            "prob_pred": 0.05711975320227637
        },
        {
            "prob_true": 0.2915916688094626,
            "prob_pred": 0.26979090991624916
        },
        {
            "prob_true": 0.362763915547025,
            "prob_pred": 0.46461330524612515
        },
        {
            "prob_true": 0.4166666666666667,
            "prob_pred": 0.6689264904326085
        }
    ]
}
