{
    "calibration": [
        {
            "prob_true": 0.06694507180295735,
            "prob_pred": 0.05716917902034687
        },
        {
            "prob_true": 0.29015670910871694,
            "prob_pred": 0.2693084822282272
        },
        {
            "prob_true": 0.3532513181019332,
            "prob_pred": 0.46359723329515923
        },
        {
            "prob_true": 0.41379310344827586,
            "prob_pred": 0.652793274684948
        }
    ]
}
