{
    "best_score": 0.8443222419080314,
    "mean_precision": 0.8247833907210527,
    "mean_recall": 0.4470542658821707
}
