{
    "best_score": 0.8218680627470205,
    "mean_precision": 0.6174939561479297,
    "mean_recall": 0.3498570066730219
}
