{
    "best_score": 0.7272450402128756,
    "mean_roc_auc": 0.7272450402128756,
    "std_roc_auc": 0.002736622346011254,
    "mean_precision": 0.534075517794019,
    "mean_recall": 0.014129280503436722
}
