{
    "best_score": 0.8776676324444018,
    "mean_precision": 0.6747548060015397,
    "mean_recall": 0.4049451441126034
}
