{
    "best_score": 0.8083862853039093,
    "mean_precision": 0.5911076971734599,
    "mean_recall": 0.29996822370511594
}
