{
    "best_score": 0.7555489720970228,
    "mean_roc_auc": 0.7555489720970228,
    "std_roc_auc": 0.0038171109326925416,
    "mean_precision": 0.5476698499321399,
    "mean_recall": 0.010038742023701001
}
