{
    "best_score": 0.8358921025689717,
    "mean_precision": 0.6637208365708487,
    "mean_recall": 0.3562765597372119
}
