{
    "best_score": 0.8361644606638666,
    "mean_precision": 0.7005930608935644,
    "mean_recall": 0.2885496932739958
}
