{
    "best_score": 0.7293763876637609,
    "mean_precision": 0.5862167249596771,
    "mean_recall": 0.022138630429731226
}
