{
    "best_score": 0.8312900056143346,
    "mean_precision": 0.6486530631132181,
    "mean_recall": 0.35692996755814516
}
