{
    "best_score": 0.753168291673037,
    "mean_roc_auc": 0.753168291673037,
    "std_roc_auc": 0.006453392830367306,
    "mean_precision": 0.6301803463391912,
    "mean_recall": 0.030619678331369315
}
