{
    "best_score": 0.7402663469877975,
    "mean_roc_auc": 0.7402663469877975,
    "std_roc_auc": 0.007219339746532362,
    "mean_precision": 0.5441756346300849,
    "mean_recall": 0.01516288989391171
}
