{
    "best_score": 0.730357611881044,
    "mean_precision": 0.5882981823229281,
    "mean_recall": 0.02361430869350904
}
