{
    "best_score": 0.7271618261866484,
    "mean_roc_auc": 0.7271618261866484,
    "std_roc_auc": 0.008607199147495668,
    "mean_precision": 0.5430633213859021,
    "mean_recall": 0.008612038673076423
}
