{
    "best_score": 0.719806183104003,
    "mean_roc_auc": 0.719806183104003,
    "std_roc_auc": 0.005636193952143491,
    "mean_precision": 0.5720932563032126,
    "mean_recall": 0.00721810191881606
}
