{
    "best_score": 0.730171910914309,
    "mean_precision": 0.6045249270886763,
    "mean_recall": 0.025086441354630885
}
