{
    "best_score": 0.6991444778458737,
    "mean_precision": 0.357453630079131,
    "mean_recall": 0.06716777059861681
}
