{
    "best_score": 0.7295826121831926,
    "mean_roc_auc": 0.7295826121831926,
    "std_roc_auc": 0.003110715391133352,
    "mean_precision": 0.733414820473644,
    "mean_recall": 0.008676675883813151
}
