{
    "best_score": 0.7758396116910677,
    "mean_precision": 0.19947279561174205,
    "mean_recall": 0.6208452494439147
}
