{
    "best_score": 0.730949840711664,
    "mean_roc_auc": 0.730949840711664,
    "std_roc_auc": 0.005618796669548809,
    "mean_precision": 0.7569009618097977,
    "mean_recall": 0.009247935609892951
}
