{
    "best_score": 0.7480471226772029,
    "mean_roc_auc": 0.7480471226772029,
    "std_roc_auc": 0.005831461640562374,
    "mean_precision": 0.5541110092343222,
    "mean_recall": 0.014451354691335214
}
