{
    "best_score": 0.7613574895831088,
    "mean_roc_auc": 0.7613574895831088,
    "std_roc_auc": 0.0033732811942170046,
    "mean_precision": 0.5415004261343122,
    "mean_recall": 0.010429839720185095
}
