{
    "best_score": 0.8220498680108725,
    "mean_precision": 0.6164445853377238,
    "mean_recall": 0.3510009532888465
}
