{
    "best_score": 0.7536336717126216,
    "mean_roc_auc": 0.7536336717126216,
    "std_roc_auc": 0.007177121936967334,
    "mean_precision": 0.6082621332114935,
    "mean_recall": 0.029304634327589126
}
