{
    "best_score": 0.7093921599547527,
    "mean_roc_auc": 0.7093921599547527,
    "std_roc_auc": 0.00758262233750102,
    "mean_precision": 0.7,
    "mean_recall": 0.00202089559797027
}
