{
    "best_score": 0.7421407849583677,
    "mean_roc_auc": 0.7421407849583677,
    "std_roc_auc": 0.0012959707305417233,
    "mean_precision": 0.5624153504740608,
    "mean_recall": 0.01426341252128914
}
