{
    "best_score": 0.7424015243279327,
    "mean_roc_auc": 0.7424015243279327,
    "std_roc_auc": 0.007613920544359392,
    "mean_precision": 0.562214765652999,
    "mean_recall": 0.01428090066737743
}
