{
    "best_score": 0.8297626058182704,
    "mean_precision": 0.6492921667983558,
    "mean_recall": 0.3567502192380737
}
