{
    "best_score": 0.7176493654761795,
    "mean_roc_auc": 0.7176493654761795,
    "std_roc_auc": 0.007299126439553319,
    "mean_precision": 0.5473686016843912,
    "mean_recall": 0.007204927753117171
}
