{
    "best_score": 0.7443030848202354,
    "mean_roc_auc": 0.7443030848202354,
    "std_roc_auc": 0.00610764927041013,
    "mean_precision": 0.15555555555555553,
    "mean_recall": 0.0008208833588596537
}
