{
    "best_score": 0.7297274257593408,
    "mean_precision": 0.5924365046510515,
    "mean_recall": 0.02118709044134903
}
