{
    "best_score": 0.7118249270322994,
    "mean_roc_auc": 0.7118249270322994,
    "std_roc_auc": 0.006241533527437942,
    "mean_precision": 0.5058781778293973,
    "mean_recall": 0.0065529015359886865
}
