{
    "best_score": 0.7299275942371486,
    "mean_roc_auc": 0.7299275942371486,
    "std_roc_auc": 0.004871584135822628,
    "mean_precision": 0.7640700216013179,
    "mean_recall": 0.008681975608472812
}
