{
    "best_score": 0.8218788918019824,
    "mean_precision": 0.6154440340196716,
    "mean_recall": 0.3507467429297744
}
